<?xml version="1.0" encoding="UTF-8" standalone="yes"?>
<addon id="plugin.video.microjen" name="MicroJen" version="2.1" provider-name="MicroJen Community">
  <requires>
    <import addon="xbmc.python" version="3.0.0" />
    <import addon="script.module.requests" />
    <import addon="script.module.routing"/>
    <import addon="script.module.unidecode" />
    <import addon="script.module.inputstreamhelper" />
    <import addon="script.module.resolveurl"/>
    <import addon="script.module.microjenscrapers" />
    <!--<import addon="name" />-->
  </requires>
  <extension point="xbmc.python.pluginsource" library="default.py">
    <provides>video</provides>
  </extension>
  <extension point="xbmc.addon.metadata">
    <summary lang="en_GB">Smaller jen</summary>
    <platform>all</platform>
    <language>en</language>
    <license>GPL-2.0-or-later</license>
    <assets>
        <icon>icon.png</icon>
        <fanart>fanart.jpg</fanart>
    </assets>
  </extension>
</addon>