<?xml version="1.0" encoding="UTF-8"?>
<addon
  id="plugin.video.sportsd"
  version="2024.04.28"
  name="SportsD 3.0"
  provider-name="Max Mustermann">
  
  <requires>
   <import addon="xbmc.python" version="3.0.0" />
   <import addon="script.module.dateutil" />
   <import addon="script.module.simplejson" />
   <import addon="script.module.six" />
   <import addon="script.module.requests" />
   <import addon="script.module.cloudscraper" optional="true"/>
   <!-- <import addon="script.module.pycryptodome" optional="true"/> -->
   <import addon="script.module.inputstreamhelper" />
   <import addon="script.module.tvone1112" optional="true" />
   <import addon="script.module.tvone11" optional="true" />
   <import addon="script.module.tvone" optional="true" /> 
   <import addon="script.module.slproxy" />
  </requires>
  <extension 
    point="xbmc.python.pluginsource"
    library="default.py">
   <provides>video</provides>
  </extension>
  <extension point="xbmc.addon.metadata">
    <reuselanguageinvoker>false</reuselanguageinvoker>
    <summary lang="en">SportsD</summary>
    <description lang="en">[I]There can only be one.[/I][CR][CR]Unofficial Kodi Addon.</description>
    <disclaimer lang="en">Don't trust the copycats. There can only be one.</disclaimer>
    <license>GNU GENERAL PUBLIC LICENSE. Version 2, June 1991</license>
    <platform>all</platform>
    <assets>
      <icon>icon.png</icon>
      <fanart>fanart.jpg</fanart>
    </assets>
</extension>
</addon>
