{
    "name" : "[B][COLOR orange]ΑΤΛΑΣ - [COLOR gold]Xrysoi[/COLOR][/B]",
    "icon"              : "special://home/addons/plugin.video.atlas/resources/icons/xrysoi.png",
    "plugin"            : "plugin.video.atlas",
    "api_language"      : "en-US",
    "priority"          : 11,
    "is_resolvable"     : "true",
    "play_movie"      : [
                            "plugin://plugin.video.atlas/?mode=45",
                            {"keyboard": "{clearname} {year}"},
                            {"dialog": "clearname"},
                            {"dialog": "clearname"}
                          ],
    "play_episode"    : [
                            "plugin://plugin.video.atlas/?mode=45",
                            {"keyboard": "{clearname}"},
                            {"dialog": "clearname"},
                            {"dialog": "clearname"}
                          ]
}
