{
    "name"          : "[B][COLOR lime]Καθαρισμός Παρόχων[/COLOR][/B] - Ιδανικό πριν την χρήση των Players",
    "plugin"        : "plugin.program.downloader19",
    "priority"      : 1,
    "play_movie"    : [
                        "plugin://plugin.program.downloader19/?url=&mode=23",
                        {"position": "1"},
                        {"dialog": "clearname"}
                      ],
    "play_episode"  : [
                        "plugin://plugin.program.downloader19/?url=&mode=23",
                        {"position": "1"},
                        {"dialog": "clearname"}
                      ]
}