{
    "name"              : "[B][COLOR blue]Shadow[/COLOR][/B]",
    "plugin"            : "plugin.video.shadow",
    "priority"          : 155,
    "is_resolvable"     : "true",
    "play_movie"        : "plugin://plugin.video.shadow/?iconimage={poster}&fanart={fanart}&description={plot_+}&season=%20&original_title={title_+}&url=www&mode=15",
    "play_episode"      : "plugin://plugin.video.shadow/?iconimage={poster}&fanart={fanart}&description={plot_+}&original_title={title_+}&url=www&mode=15"
}