{
    "name" : "[B][COLOR mediumorchid]TheThunder[/COLOR][/B] [COLOR white]αναζήτηση...[/COLOR]",
    "plugin"            : "plugin.video.thethunder",
    "api_language"      : "en-US",
    "priority"          : 15,
    "is_resolvable"     : "true",
    "play_movie"      : [
                            "plugin://plugin.video.thethunder/?action=provider&imdbnumber={imdb}&mediatype=movie&name={title}%20{year}",
                            {"keyboard": "{clearname} {year}"},
                            {"dialog": "clearname"}
                          ],
    "play_episode"    : [
                            "plugin://plugin.video.thethunder/?action=search_tv_shows",
                            {"keyboard": "{clearname}"},
                            {"dialog": "clearname"}
                          ]
}
