{
    "name"              : "[B][COLOR white]You[COLOR red]Tube [COLOR white]- [COLOR lime]Τρέιλερ[/COLOR][/B]",
    "icon"              : "special://home/addons/plugin.video.atlas/resources/icons/youtube.png",
    "plugin"            : "plugin.video.youtube",
    "api_language"      : "en-US",
    "priority"          : 3,
    "is_resolvable"     : "true",
    "play_movie"        : [
                            "plugin://plugin.video.youtube/search/?q={name_url}&search_type=notvalid",
                            {"title": "(?i){title}"}
                          ],
    "play_episode"      : [
                            "plugin://plugin.video.youtube/search/?q={name_url}&search_type=notvalid",
                            {"dialog": "True"}
                          ],
    "search_movie"      : "plugin://plugin.video.youtube/search/?q={name_url}&search_type=notvalid",
    "search_episode"    : "plugin://plugin.video.youtube/search/?q={name_url}&search_type=notvalid"
}