<?xml version="1.0" encoding="utf-8"?>
<window>
	<defaultcontrol always="true">302</defaultcontrol>
	<coordinates>
		<left>100</left>
		<top>50</top>
	</coordinates>
	<animation effect="slide" start="0, 500" time="500" tween="quadratic" >WindowOpen</animation>
	<animation effect="fade" time="500">WindowClose</animation>
	<controls>
		<control type="image">
			<description>Image</description>
			<width>1100</width>
			<height>600</height>
			<texture>t2.png</texture>
		</control>
		<control type="image">
			<left>400</left>
			<top>10</top>
			<description>Icon</description>
			<width>250</width>
			<height>50</height>
			<texture>t3.png</texture>
			<bordersize>5</bordersize>
		</control>
		<control type="button" id="302">
			<left>990</left>
			<top>527</top>
			<description>Close</description>
			<width>70</width>
			<height>60</height>
			<texturefocus colordiffuse="white" border="-4">close.png</texturefocus>
			<texturenofocus colordiffuse="white">close.png</texturenofocus>
			<bordersize>5</bordersize>
			<onup>303</onup>
			<ondown>303</ondown>
			<onleft>301</onleft>
			<onright>301</onright>
		</control>
		<control type="button" id="303">
			<left>890</left>
			<top>40</top>
			<description>Error_Build</description>
			<width>170</width>
			<height>110</height>
			<texturefocus colordiffuse="white" border="5">error_build.jpg</texturefocus>
			<texturenofocus colordiffuse="white">error_build.jpg</texturenofocus>
			<onclick>RunScript("special://skin/16x9/TechNEWSology/Skin.py")</onclick>
			<bordersize>5</bordersize>
			<onup>302</onup>
			<ondown>302</ondown>
			<onleft>301</onleft>
			<onright>301</onright>
		</control>
		<control type="textbox" id = "300">
			<description>text</description>
			<top>60</top>
			<left>20</left>
			<width>1035</width>
			<height>505</height>
			<font>font52_title</font>
			<align>left</align>
			<aligny>center</aligny>
			<textcolor>white</textcolor>
			<autoscroll time="4000" delay="4000" repeat="5000">Skin.HasSetting(Enable.AutoScroll) + !Control.HasFocus(301)</autoscroll>
			<shadowcolor>black</shadowcolor>
			<pagecontrol>301</pagecontrol>
		</control>
		<control type="scrollbar" id="301">
			<description>Scroll Bar</description>
			<left>1072</left>
			<top>25</top>
			<width>17</width>
			<height>560</height>
			<texturesliderbackground colordiffuse="1AFFFFFF">colors/white50.png</texturesliderbackground>
			<texturesliderbar colordiffuse="$VAR[HighlightBarColor]" border="3">listselect_fo.png</texturesliderbar>
			<texturesliderbarfocus colordiffuse="yellow" border="4">listselect_fo.png</texturesliderbarfocus>
			<showonepage>false</showonepage>
			<onup></onup>
			<ondown></ondown>
			<onleft>302</onleft>
			<onright>302</onright>
		</control>
	</controls>
</window>