{
    "items": [
        {
            "link": "https://www.youtube.com/playlist?list=PLcG66PDG1cyuZBuU7eeUh4b2nGkudDFRn", 
            "title": "[COLOR white]Wu Tang Collection (3.359 videos)[/COLOR]", 
            "fanart": "https://i.ytimg.com/vi/wrSJZQ1N3nY/hqdefault.jpg?sqp=-oaymwEXCNACELwBSFryq4qpAwkIARUAAIhCGAE=&rs=AOn4CLCZ7SwQ6WyMzteXL_-0AXTlamt8Jg", 
            "type": "playlist", 
            "icon": "https://i.ytimg.com/vi/wrSJZQ1N3nY/hqdefault.jpg?sqp=-oaymwEXCNACELwBSFryq4qpAwkIARUAAIhCGAE=&rs=AOn4CLCZ7SwQ6WyMzteXL_-0AXTlamt8Jg", 
            "summary": "playlist"
        },
        {
            "link": "https://www.youtube.com/playlist?list=PLSvPwyvZG6xZXHU1NtfyLUKiqgtzf8i84", 
            "title": "[COLOR white]Kung Fu Films (1.393 videos)[/COLOR]", 
            "fanart": "https://i.ytimg.com/vi/OXz6mJizrzw/hqdefault.jpg?sqp=-oaymwEXCNACELwBSFryq4qpAwkIARUAAIhCGAE=&rs=AOn4CLByOlLV3CLp5KVuIrEcQmakBh8NJA", 
            "type": "playlist", 
            "icon": "https://i.ytimg.com/vi/OXz6mJizrzw/hqdefault.jpg?sqp=-oaymwEXCNACELwBSFryq4qpAwkIARUAAIhCGAE=&rs=AOn4CLByOlLV3CLp5KVuIrEcQmakBh8NJA", 
            "summary": "playlist"
        },
        {
            "link": "https://www.youtube.com/playlist?list=PL423QFBAeb1_lfhXsH_5pVMBPWnFNiCCF", 
            "title": "[COLOR white]Old School Female Kung Fu Movies[/COLOR]", 
            "fanart": "https://i.ytimg.com/vi/YCPXF_stMmE/hqdefault.jpg?sqp=-oaymwEXCNACELwBSFryq4qpAwkIARUAAIhCGAE=&rs=AOn4CLDkxeErOn_9Y6x8nvO1Z3ADYqNc2A", 
            "type": "playlist", 
            "icon": "https://i.ytimg.com/vi/YCPXF_stMmE/hqdefault.jpg?sqp=-oaymwEXCNACELwBSFryq4qpAwkIARUAAIhCGAE=&rs=AOn4CLDkxeErOn_9Y6x8nvO1Z3ADYqNc2A", 
            "summary": "playlist"
        },
        {
            "link": "PLTl2qgv-gqkMQQ3hFxK6WEF7SILYx56Sc", 
            "title": "[COLOR white]Classic Kung fu Movies[/COLOR]", 
            "fanart": "https://i.ytimg.com/vi/buicHFRB2SM/hqdefault.jpg?sqp=-oaymwEbCKgBEF5IVfKriqkDDggBFQAAiEIYAXABwAEG&rs=AOn4CLC9pJwHfgFne7dY5mgc2X43eqDE7g", 
            "type": "channel", 
            "icon": "https://i.ytimg.com/vi/buicHFRB2SM/hqdefault.jpg?sqp=-oaymwEbCKgBEF5IVfKriqkDDggBFQAAiEIYAXABwAEG&rs=AOn4CLC9pJwHfgFne7dY5mgc2X43eqDE7g", 
            "summary": "channel"
        },
        {
            "link": "PLFh5uDG4fBtEbALeEp0z_ft4Ie5vKkgM6", 
            "title": "[COLOR white]1970's Karate / Kung Fu[/COLOR]", 
            "fanart": "https://i.ytimg.com/vi/2juVV9kwpbo/hqdefault.jpg?sqp=-oaymwEbCKgBEF5IVfKriqkDDggBFQAAiEIYAXABwAEG&rs=AOn4CLBhwhgpJn-p-Ru0yvzyOG0f_ezOFA", 
            "type": "channel", 
            "icon": "https://i.ytimg.com/vi/2juVV9kwpbo/hqdefault.jpg?sqp=-oaymwEbCKgBEF5IVfKriqkDDggBFQAAiEIYAXABwAEG&rs=AOn4CLBhwhgpJn-p-Ru0yvzyOG0f_ezOFA", 
            "summary": "channel"
        }
    ]
}