<?xml version="1.0" encoding="UTF-8"?>
<window>
	<coordinates>
		<left>50</left>
		<top>-25</top>
	</coordinates>
	<zorder>10</zorder>
	<include>DialogPopupAnimation</include>
	<controls>
		<control type="group">
			<visible>!Window.IsActive(fullscreenvideo) + !Window.IsActive(visualisation) + !Window.IsActive(startup)</visible>
			<control type="image">
				<description>background image</description>
				<left>8</left>
				<width>545</width>
				<height>125</height>
				<texture border="40">dialogs/default/bg.png</texture>
			</control>
			<control type="image">
				<left>30</left>
				<top>32</top>
				<width>500</width>
				<height>60</height>
				<texture border="5">dialogs/default/inner.png</texture>
			</control>
			<control type="progress" id="32">
				<description>progress control</description>
				<left>32</left>
				<top>33</top>
				<width>500</width>
				<height>12</height>
				<texturebg border="2">osd/texturebg2.png</texturebg>
				<lefttexture />
				<midtexture colordiffuse="$VAR[ThemeLabelColor]" border="2">osd/midtexture.png</midtexture>
				<righttexture />
				<overlaytexture />
				<colordiffuse>44FFFFFF</colordiffuse>
			</control>
			<control type="label">
				<description>Header Label</description>
				<left>-15</left>
				<top>55</top>
				<width>590</width>
				<height>4</height>
				<font>font10</font>
				<textcolor>goldenrod</textcolor>
				<textoffsetx>50</textoffsetx>
				<label>$INFO[Control.GetLabel(30)]$INFO[Control.GetLabel(32),: ,%]</label>
			</control>
			<control type="label" id="31">
				<description>Title Label</description>
				<left>-15</left>
				<top>94</top>
				<width>590</width>
				<height>-30</height>
				<font>font10</font>
				<textcolor>grey</textcolor>
				<textoffsetx>50</textoffsetx>
			</control>
			<control type="label" id="30">
				<description>Header Label</description>
				<include>HiddenObject</include>
			</control>
		</control>
	</controls>
</window>