<?xml version="1.0" encoding="UTF-8"?>  <!-- Modified by TechNEWSology -->
<includes>
	<include name="View_509_MyFlix">
		<control type="group">
			<visible>Control.IsVisible(509)</visible>
			<include>ViewAnimation</include>
			<control type="label" id="4447">
				<description>MyFlix Open Case Movies</description>
				<label>$LOCALIZE[31966]</label>
				<include>HiddenObject</include>
				<include condition="!String.IsEmpty(Skin.String(MyFlix.Delay))">MyFlixDelayAnimation</include>
				<animation effect="fade" end="100" time="120" delay="1600">WindowOpen</animation>
				<animation effect="fade" end="100" time="120" delay="1600">Visible</animation>
				<visible>Skin.HasSetting(Enable.MyFlix.OpenCase) + !ListItem.IsCollection + Container.Content(movies)</visible>
			</control>
			<control type="label" id="4448">
				<description>MyFlix Open Case Sets</description>
				<label>$LOCALIZE[31966]</label>
				<include>HiddenObject</include>
				<include condition="!String.IsEmpty(Skin.String(MyFlix.Delay))">MyFlixDelayAnimation</include>
				<animation effect="fade" end="100" time="120" delay="1600">WindowOpen</animation>
				<animation effect="fade" end="100" time="120" delay="1600">Visible</animation>
				<visible>Skin.HasSetting(Enable.MyFlix.OpenCase) + ListItem.IsCollection</visible>
			</control>
			<control type="group">
				<animation effect="slide" start="0" end="0,140" condition="[Container.Content(movies) + Skin.HasSetting(Enable.MyFlix.MovieLandscape)] | [Container.Content(tvshows) + Skin.HasSetting(Enable.MyFlix.TVLandscape)]">Conditional</animation>
				<control type="group">
					<animation effect="slide" end="0,320" condition="Skin.HasSetting(Disable.MyFlixInfo)">Conditional</animation>
					<control type="image" id="50999">
						<left>800</left>
						<top>20</top>
						<width>526</width>
						<height>204</height>
						<aspectratio align="left" aligny="bottom">keep</aspectratio>
						<texture background="true">$VAR[ArtworkLogoVar]</texture>
						<visible>Container.Content(tvshows) | [Container.Content(movies) | Container.Content(sets)] + Skin.HasSetting(Enable.MyFlix.MovieLogo) | [Container.Content(tvshows) | Container.Content(episodes)] + Skin.HasSetting(Enable.MyFlix.TVLogo)</visible>
					</control>
					<control type="group">
						<top>-43</top>
						<animation effect="slide" start="0" end="0,60" condition="Container.Content(tvshows) | [Container.Content(movies) | Container.Content(sets)] + !Skin.HasSetting(Enable.MyFlix.MovieLogo) | Container.Content(tvshows) + !Skin.HasSetting(Enable.MyFlix.TVLogo)">Conditional</animation>
						<control type="group">
							<visible>!Control.IsVisible(50999) | String.IsEmpty(Control.GetLabel(50999))</visible>
							<left>25</left>
							<control type="label">
								<left>4</left>
								<top>4</top>
								<height>124</height>
								<font>TechMyFlix</font>
								<textcolor>shadow</textcolor>
								<label>$INFO[ListItem.Title]</label>
							</control>
							<control type="label">
								<height>124</height>
								<font>TechMyFlix</font>
								<textcolor>goldenrod</textcolor>
								<shadowcolor>black</shadowcolor>
								<label>$INFO[ListItem.Title]</label>
							</control>
						</control>
					</control>
				</control>
				<control type="group">
					<left>10</left>
					<top>160</top>
					<width>1000</width>
					<height>270</height>
					<include>VisibleFadeAnimation</include>
					<visible>!Skin.HasSetting(Disable.MyFlixInfo)</visible>
					<animation effect="slide" start="0" end="0,-40" condition="Container.Content(tvshows) | Container.Content(episodes)">Conditional</animation>
					<control type="group">
						<visible>Container.Content(movies) + !ListItem.IsCollection</visible>
						<control type="grouplist">
							<control type="label">
								<height>12</height>
								<label />
							</control>
							<control type="label">
								<width>800</width>
								<height>45</height>
								<textcolor>grey</textcolor>
								<shadowcolor>shadow</shadowcolor>
								<include>DefaultButtonsValues</include>
								<label>[B]$INFO[ListItem.Year][/B] • $INFO[ListItem.Duration(mins)] Λεπτά • Έως: $INFO[ListItem.Endtime]</label>
								<visible>!String.IsEmpty(ListItem.Genre)</visible>
							</control>
							<control type="label">
								<width>800</width>
								<height>45</height>
								<textcolor>grey</textcolor>
								<shadowcolor>shadow</shadowcolor>
								<include>DefaultButtonsValues</include>
								<label>$INFO[ListItem.Genre]</label>
								<visible>!Skin.HasSetting(Enable.HourMinuteDuration)</visible>
							</control>
							<!--control type="label">
								<width>1000</width>
								<height>45</height>
								<textcolor>grey</textcolor>
								<shadowcolor>shadow</shadowcolor>
								<include>DefaultButtonsValues</include>
								<label>[B]$INFO[ListItem.Year][/B] • $INFO[ListItem.Rating] ($INFO[ListItem.Votes] Ψήφοι) • $INFO[ListItem.Duration(mins)] Λεπτά • Έως: $INFO[ListItem.Endtime]</label>
								<visible>!Skin.HasSetting(Enable.HourMinuteDuration)</visible>
							</control-->
							<control type="label">
								<width>1000</width>
								<height>45</height>
								<textcolor>grey</textcolor>
								<shadowcolor>shadow</shadowcolor>
								<include>DefaultButtonsValues</include>
								<label>$INFO[ListItem.Year,, • ]$INFO[ListItem.RatingAndVotes,, • ]$VAR[ItemDurationVar]$INFO[ListItem.Endtime, • $LOCALIZE[31393]: ,]</label>
								<visible>Skin.HasSetting(Enable.HourMinuteDuration)</visible>
							</control>
						</control>
						<control type="textbox">
							<left>15</left>
							<top>205</top>
							<width>800</width>
							<height>210</height>
							<font>font15</font>
							<textcolor>white</textcolor>
							<shadowcolor>shadow</shadowcolor>
							<label>[COLOR $VAR[ThemeLabelColor]]$INFO[ListItem.Tagline,,[CR]][/COLOR]$VAR[VideoPlotVar]</label>
							<autoscroll delay="3000" time="3000" repeat="4000">true</autoscroll>
						</control>
					</control>
					<control type="group">
						<visible>ListItem.IsCollection + ![Container.OnNext | Container.OnPrevious]</visible>
						<animation effect="fade" time="140" delay="100">Visible</animation>
						<control type="grouplist">
							<control type="label">
								<width>800</width>
								<height>45</height>
								<textcolor>grey</textcolor>
								<shadowcolor>shadow</shadowcolor>
								<include>DefaultButtonsValues</include>
								<label>[COLOR $VAR[ThemeLabelColor]]$LOCALIZE[20339]: [/COLOR]$INFO[Window(Home).Property(SkinInfo.Set.Movies.Director)]</label>
								<visible>!String.IsEmpty(Window(Home).Property(SkinInfo.Set.Movies.Director))</visible>
							</control>
							<control type="label">
								<width>800</width>
								<height>45</height>
								<textcolor>grey</textcolor>
								<shadowcolor>shadow</shadowcolor>
								<include>DefaultButtonsValues</include>
								<label>[COLOR $VAR[ThemeLabelColor]]$LOCALIZE[515]: [/COLOR]$VAR[MovieSetGenreVar]</label>
								<visible>!String.IsEmpty(Window(Home).Property(SkinInfo.Set.Movies.Genre)) | !String.IsEmpty(Container(4500).ListItem(0).Genre)</visible>
							</control>
							<control type="label">
								<width>1000</width>
								<height>45</height>
								<textcolor>grey</textcolor>
								<shadowcolor>shadow</shadowcolor>
								<include>DefaultButtonsValues</include>
								<label>$INFO[Container(4500).ListItem(0).Year]$INFO[Container(4500).ListItem(-1).Year, - ]$INFO[Container(4500).NumItems, • , $LOCALIZE[342]]$INFO[ListItem.RatingAndVotes, • ]$INFO[Window(Home).Property(SkinInfo.Set.Movies.Runtime), • , $LOCALIZE[12391]]</label>
							</control>
						</control>
						<control type="textbox">
							<left>15</left>
							<top>205</top>
							<width>800</width>
							<height>210</height>
							<font>font15</font>
							<textcolor>grey</textcolor>
							<shadowcolor>shadow</shadowcolor>
							<label>$VAR[VideoPlotVar]</label>
							<autoscroll delay="3000" time="3000" repeat="4000">true</autoscroll>
						</control>
					</control>
					<control type="grouplist">
						<visible>[Container.Content(tvshows) | Container.Content(seasons)] + !Skin.HasSetting(Disable.NextAired) + !String.IsEmpty(Window(Home).Property(NextAired.Status))</visible>
						<control type="label">
							<width>800</width>
							<height>45</height>
							<textcolor>grey</textcolor>
							<shadowcolor>shadow</shadowcolor>
							<include>DefaultButtonsValues</include>
							<label>[COLOR $VAR[ThemeLabelColor]]$LOCALIZE[126]: [/COLOR]$INFO[Window(Home).Property(NextAired.Status)]</label>
						</control>
						<control type="label">
							<width>800</width>
							<height>45</height>
							<textcolor>grey</textcolor>
							<shadowcolor>shadow</shadowcolor>
							<include>DefaultButtonsValues</include>
							<label>[COLOR $VAR[ThemeLabelColor]]$LOCALIZE[31010]: [/COLOR]$INFO[Window(Home).Property(NextAired.NextDate),,: ]$INFO[Window(Home).Property(NextAired.NextTitle)]</label>
							<visible>!String.IsEmpty(Window(Home).Property(NextAired.NextDate))</visible>
						</control>
						<control type="label">
							<width>800</width>
							<height>45</height>
							<textcolor>grey</textcolor>
							<shadowcolor>shadow</shadowcolor>
							<include>DefaultButtonsValues</include>
							<label>[COLOR $VAR[ThemeLabelColor]]$LOCALIZE[31011]: [/COLOR]$INFO[Window(Home).Property(NextAired.LatestNumber),, - ]$INFO[Window(Home).Property(NextAired.LatestTitle)]</label>
							<visible>String.IsEmpty(Window(Home).Property(NextAired.NextDate))</visible>
						</control>
						<control type="label">
							<width>800</width>
							<height>45</height>
							<textcolor>grey</textcolor>
							<shadowcolor>shadow</shadowcolor>
							<include>DefaultButtonsValues</include>
							<label>[COLOR $VAR[ThemeLabelColor]]$LOCALIZE[515]: [/COLOR]$INFO[ListItem.Genre]</label>
							<visible>!String.IsEmpty(ListItem.Genre)</visible>
						</control>
					</control>
					<control type="label">
						<left>15</left>
						<top>-66</top>
						<height>50</height>
						<font>TechMyFlix</font>
						<textcolor>goldenrod</textcolor>
						<label>$INFO[ListItem.Title]</label>
						<visible>Container.Content(tvshows)</visible>
					</control>
					<control type="grouplist">
						<visible>[Container.Content(tvshows) | Container.Content(seasons)] + [Skin.HasSetting(Disable.NextAired) | String.IsEmpty(Window(Home).Property(NextAired.Status))]</visible>
						<control type="label">
							<height>50</height>
							<label />
						</control>
						<!--control type="label">
							<width>800</width>
							<height>45</height>
							<textcolor>ff4cff4c</textcolor>
							<shadowcolor>shadow</shadowcolor>
							<include>DefaultButtonsValues</include>
							<label>[COLOR $VAR[ThemeLabelColor]]$LOCALIZE[563]: [/COLOR]$INFO[ListItem.RatingAndVotes]</label>
							<visible>!String.IsEmpty(ListItem.RatingAndVotes)</visible>
						</control-->
						<control type="label">
							<width>800</width>
							<height>45</height>
							<textcolor>grey</textcolor>
							<shadowcolor>shadow</shadowcolor>
							<include>DefaultButtonsValues</include>
							<label>[B]$INFO[ListItem.Year][/B] • $INFO[ListItem.Duration(mins)] Λεπτά • Έως: $INFO[ListItem.Endtime]</label>
							<visible>!String.IsEmpty(ListItem.Genre)</visible>
						</control>
						<control type="label">
							<width>800</width>
							<height>45</height>
							<textcolor>grey</textcolor>
							<shadowcolor>shadow</shadowcolor>
							<include>DefaultButtonsValues</include>
							<label>$INFO[ListItem.Genre]</label>
							<visible>!String.IsEmpty(ListItem.Genre)</visible>
						</control>
					</control>
					<control type="grouplist">
						<visible>Container.Content(episodes)</visible>
						<control type="label">
							<width>800</width>
							<height>45</height>
							<textcolor>grey</textcolor>
							<shadowcolor>shadow</shadowcolor>
							<label>[COLOR $VAR[ThemeLabelColor]]$LOCALIZE[20359]: [/COLOR]$VAR[FloorLabelVar]</label>
							<include>DefaultButtonsValues</include>
						</control>
						<control type="label">
							<height>45</height>
							<width>650</width>
							<textcolor>grey</textcolor>
							<shadowcolor>shadow</shadowcolor>
							<include>DefaultButtonsValues</include>
							<label>[COLOR $VAR[ThemeLabelColor]]$LOCALIZE[2050]: [/COLOR]$INFO[ListItem.Duration(mins),, $LOCALIZE[12391]]</label>
							<visible>!String.IsEmpty(ListItem.Duration) + !Skin.HasSetting(Enable.HourMinuteDuration)</visible>
						</control>
						<control type="label">
							<height>45</height>
							<width>650</width>
							<textcolor>grey</textcolor>
							<shadowcolor>shadow</shadowcolor>
							<include>DefaultButtonsValues</include>
							<label>[COLOR $VAR[ThemeLabelColor]]$LOCALIZE[2050]: [/COLOR]$VAR[ItemDurationVar]</label>
							<visible>!String.IsEmpty(ListItem.Duration) + Skin.HasSetting(Enable.HourMinuteDuration)</visible>
						</control>
						<control type="label">
							<height>45</height>
							<textcolor>grey</textcolor>
							<shadowcolor>shadow</shadowcolor>
							<include>DefaultButtonsValues</include>
							<label>[COLOR $VAR[ThemeLabelColor]]$LOCALIZE[126]: [/COLOR]$INFO[Window(Home).Property(NextAired.Status)]</label>
							<visible>!String.IsEmpty(Window(Home).Property(NextAired.Status))</visible>
						</control>
						<control type="label">
							<height>45</height>
							<width>650</width>
							<textcolor>grey</textcolor>
							<shadowcolor>shadow</shadowcolor>
							<include>DefaultButtonsValues</include>
							<label>[COLOR $VAR[ThemeLabelColor]]$LOCALIZE[31452]: [/COLOR]$INFO[ListItem.Premiered]</label>
							<visible>!String.IsEmpty(ListItem.Premiered)</visible>
						</control>
						<control type="label">
							<width>800</width>
							<height>45</height>
							<textcolor>grey</textcolor>
							<shadowcolor>shadow</shadowcolor>
							<include>DefaultButtonsValues</include>
							<label>[COLOR $VAR[ThemeLabelColor]]$LOCALIZE[31010]: [/COLOR]$INFO[Window(Home).Property(NextAired.NextDate),,: ]$INFO[Window(Home).Property(NextAired.NextTitle)]</label>
							<visible>!String.IsEmpty(Window(Home).Property(NextAired.NextDate)) + !Skin.HasSetting(Disable.NextAired)</visible>
						</control>
						<control type="label">
							<width>800</width>
							<height>45</height>
							<textcolor>grey</textcolor>
							<shadowcolor>shadow</shadowcolor>
							<include>DefaultButtonsValues</include>
							<label>[COLOR $VAR[ThemeLabelColor]]$LOCALIZE[31011]: [/COLOR]$INFO[Window(Home).Property(NextAired.LatestNumber),, - ]$INFO[Window(Home).Property(NextAired.LatestTitle)]</label>
							<visible>!String.IsEmpty(Window(Home).Property(NextAired.LatestDate)) + String.IsEmpty(Window(Home).Property(NextAired.NextDate))</visible>
						</control>
					</control>
					<control type="textbox">
						<left>15</left>
						<top>205</top>
						<width>800</width>
						<height>210</height>
						<font>font15</font>
						<textcolor>white</textcolor>
						<shadowcolor>shadow</shadowcolor>
						<label>$VAR[VideoPlotVar]</label>
						<autoscroll delay="3000" time="2500" repeat="4000">true</autoscroll>
						<animation effect="slide" start="0" end="0,45" condition="Container.Content(tvshows)">Conditional</animation>
						<animation effect="slide" start="0" end="0,155" condition="Container.Content(episodes)">Conditional</animation>
						<visible>Container.Content(tvshows) | Container.Content(episodes)</visible>
					</control>
				</control>
				<control type="image">
					<left>25</left>
					<top>133</top>
					<width>135</width>
					<height>26</height>
					<font>font12</font>
					<animation effect="fade" start="100" end="60" time="0" condition="String.IsEmpty(ListItem.Rating)">Conditional</animation>
					<texture fallback="flags/rating/0.0.png">$INFO[ListItem.Rating,flags/rating/,.png]</texture>
					<visible>!String.IsEmpty(ListItem.Genre)</visible>
				</control>
				<control type="label">
					<left>170</left>
					<top>122</top>
					<width>800</width>
					<height>45</height>
					<textcolor>grey</textcolor>
					<shadowcolor>shadow</shadowcolor>
					<include>DefaultButtonsValues</include>
					<label>$INFO[ListItem.Rating] ($INFO[ListItem.Votes] Ψήφοι)</label>
					<visible>!String.IsEmpty(ListItem.Genre)</visible>
				</control>
				<control type="button" id="508">
					<description>Play Trailer</description>
					<top>280</top>
					<left>140</left>
					<width>95</width>
					<height>95</height>
					<onup>SetProperty(MediaMenu,True,Home)</onup>
					<onup>SetFocus(9050)</onup>
					<ondown>509</ondown>
					<onright>609</onright>
					<include>ButtonInfoDialogsCommonValues</include>
					<texturefocus></texturefocus>
					<texturenofocus>youtube.png</texturenofocus>
					<onclick>Dialog.Close(MovieInformation)</onclick>
					<onclick condition="!String.IsEmpty(ListItem.Trailer)">PlayMedia($INFO[ListItem.Trailer])</onclick>
					<onclick condition="String.IsEmpty(ListItem.Trailer)">ActivateWindow(10001,plugin://plugin.video.youtube/kodion/search/query/?q=$INFO[ListItem.OriginalTitle]+Trailer)</onclick>
					<visible>!String.IsEmpty(ListItem.Genre)</visible>
				</control>
				<control type="textbox">
					<label>Τρέιλερ :</label>
					<top>300</top>
					<left>25</left>
					<font>TechF</font>
					<textcolor>white</textcolor>
					<shadowcolor>black</shadowcolor>
					<include>DefaultButtonsValues</include>
					<visible>!String.IsEmpty(ListItem.Genre)</visible>
				</control>
				<control type="textbox">
					<label>Τρέιλερ :</label>
					<top>300</top>
					<left>25</left>
					<font>TechF</font>
					<textcolor>goldenrod</textcolor>
					<shadowcolor>black</shadowcolor>
					<include>DefaultButtonsValues</include>
					<visible>Control.HasFocus(508)</visible>
				</control>
				<control type="image">
					<description>Trailer Icon</description>
					<top>272</top>
					<left>122</left>
					<width>148</width>
					<height>90</height>
					<texture>a1.png</texture>
					<visible>Control.HasFocus(508)</visible>
				</control>
				<control type="image">
					<description>Trailer Icon</description>
					<top>275</top>
					<left>140</left>
					<width>105</width>
					<height>105</height>
					<texture>youtube.png</texture>
					<animation effect="fade" end="100" time="0" condition="true">Conditional</animation>
					<visible>Control.HasFocus(508)</visible>
				</control>
				<control type="button" id="609">
					<description>Subs Αvailability</description>
					<top>268</top>
					<left>533</left>
					<width>100</width>
					<height>95</height>
					<onup>SetProperty(MediaMenu,True,Home)</onup>
					<onup>SetFocus(9050)</onup>
					<ondown>509</ondown>
					<onleft>508</onleft>
					<include>ButtonInfoDialogsCommonValues</include>
					<texturefocus></texturefocus>
					<texturenofocus>MyFlixSubs.png</texturenofocus>
					<onclick>Dialog.Close(MovieInformation)</onclick>
					<onclick>ActivateWindow(SubtitleSearch)</onclick>
					<visible>!String.IsEmpty(ListItem.Genre) + !Container.Content(tvshows)</visible>
				</control>
				<control type="textbox">
					<label>Διαθ. Υπότιτλοι :</label>
					<top>300</top>
					<left>340</left>
					<font>TechF</font>
					<textcolor>white</textcolor>
					<shadowcolor>black</shadowcolor>
					<include>DefaultButtonsValues</include>
					<visible>!String.IsEmpty(ListItem.Genre) + !Container.Content(tvshows)</visible>
				</control>
				<control type="textbox">
					<label>Διαθ. Υπότιτλοι :</label>
					<top>300</top>
					<left>340</left>
					<font>TechF</font>
					<textcolor>goldenrod</textcolor>
					<shadowcolor>black</shadowcolor>
					<include>DefaultButtonsValues</include>
					<visible>Control.HasFocus(609)</visible>
				</control>
				<control type="image">
					<description>Subs Icon</description>
					<top>273</top>
					<left>515</left>
					<width>148</width>
					<height>90</height>
					<texture>a1.png</texture>
					<visible>Control.HasFocus(609) + !Container.Content(tvshows)</visible>
				</control>
				<control type="image">
					<description>Subs Icon</description>
					<top>267</top>
					<left>533</left>
					<width>110</width>
					<height>105</height>
					<texture>MyFlixSubs.png</texture>
					<animation effect="fade" end="100" time="0" condition="true">Conditional</animation>
					<visible>Control.HasFocus(609) + !Container.Content(tvshows)</visible>
				</control>
			</control>
			<control type="fixedlist" id="509">
				<top>518</top>
				<width>1920</width>
				<height>600</height>
				<visible>Container.Content(movies) | Container.Content(sets) | Container.Content(tvshows) | Container.Content(episodes)</visible>
				<onleft>509</onleft>
				<onright>509</onright>
				<onup>508</onup>
				<ondown>611</ondown>
				<ondown condition="Control.IsVisible(50960)">50960</ondown>
				<ondown condition="!Control.IsVisible(50960)">4400</ondown>
				<viewtype label="$LOCALIZE[31244]">bigwrap</viewtype>
				<pagecontrol>50960</pagecontrol>
				<orientation>horizontal</orientation>
				<preloaditems>2</preloaditems>
				<itemlayout height="525" width="271" condition="[Container.Content(movies) + !Skin.HasSetting(Enable.MyFlix.MovieLandscape)] | Container.Content(sets) | [Container.Content(tvshows) + !Skin.HasSetting(Enable.MyFlix.TVLandscape)]">
					<control type="image">
						<include>FlixNoCaseVars</include>
						<texture background="true">$VAR[CaseBackPathVar]$VAR[GlobalCaseVar]</texture>
					</control>
					<control type="image">
						<include>FlixNoClearCaseVars</include>
						<texture background="true">$VAR[CaseBackPathVar]$VAR[GlobalCaseVar]</texture>
					</control>
					<include>FlixPoster</include>
					<include>FlixPosterOverlay</include>
					<control type="image">
						<left>10</left>
						<top>75</top>
						<width>268</width>
						<height>390</height>
						<texture border="1">black.png</texture>
						<colordiffuse>$VAR[MyFlixDimmerVar]</colordiffuse>
						<bordersize>20</bordersize>
					</control>
					<control type="image">
						<include>FlixCaseVars</include>
						<texture background="true">$VAR[CaseTypePathVar]$VAR[GlobalCaseVar]</texture>
					</control>
					<include>FlixPosterReflection</include>
					<include>FlixPosterCaseReflection</include>
				</itemlayout>
				<focusedlayout height="525" width="271" condition="[Container.Content(movies) + !Skin.HasSetting(Enable.MyFlix.MovieLandscape)] | Container.Content(sets) | [Container.Content(tvshows) + !Skin.HasSetting(Enable.MyFlix.TVLandscape)]">
					<control type="group">
						<visible>[[Container.Content(movies) | Container.Content(sets)] + Control.IsVisible(7000) + Skin.HasSetting(Enable.MyFlix.OpenCase)] | [[Container.Content(movies) | Container.Content(sets)] + !Skin.HasSetting(Enable.MyFlix.OpenCase)] | Container.Content(tvshows)</visible>
						<control type="image">
							<include>FlixNoCaseVars</include>
							<texture background="true">$VAR[CaseBackPathVar]$VAR[GlobalCaseVar]</texture>
						</control>
						<control type="image">
							<include>FlixNoClearCaseVars</include>
							<texture background="true">$VAR[CaseBackPathVar]$VAR[GlobalCaseVar]</texture>
						</control>
						<include>FlixPoster</include>
						<control type="image">
							<include>FlixCaseVars</include>
							<texture background="true">$VAR[CaseTypePathVar]$VAR[GlobalCaseVar]</texture>
						</control>
						<include>FlixPosterOverlay</include>
						<include>FlixPosterReflection</include>
						<include>FlixPosterCaseReflection</include>
					</control>
				</focusedlayout>
				<itemlayout height="270" width="480" condition="[Container.Content(movies) + Skin.HasSetting(Enable.MyFlix.MovieLandscape)] | [Container.Content(tvshows) + Skin.HasSetting(Enable.MyFlix.TVLandscape)]">
					<include>FlixLandscape</include>
					<control type="image">
						<left>398</left>
						<top>217</top>
						<width>60</width>
						<height>60</height>
						<texture>$VAR[OverlayVar]</texture>
						<aspectratio align="center" aligny="top">keep</aspectratio>
					</control>
					<control type="image">
						<left>-10</left>
						<top>197</top>
						<width>480</width>
						<height>270</height>
						<texture border="1">black.png</texture>
						<colordiffuse>$VAR[MyFlixDimmerVar]</colordiffuse>
						<bordersize>20</bordersize>
					</control>
					<include>FlixLandscapeReflection</include>
				</itemlayout>
				<focusedlayout height="270" width="480" condition="[Container.Content(movies) + Skin.HasSetting(Enable.MyFlix.MovieLandscape)] | [Container.Content(tvshows) + Skin.HasSetting(Enable.MyFlix.TVLandscape)]">
					<include>FlixLandscape</include>
					<control type="image">
						<left>398</left>
						<top>217</top>
						<width>60</width>
						<height>60</height>
						<texture>$VAR[OverlayVar]</texture>
						<aspectratio align="center" aligny="top">keep</aspectratio>
					</control>
					<include>FlixLandscapeReflection</include>
				</focusedlayout>
				<itemlayout height="270" width="480" condition="Container.Content(episodes)">
					<include>FlixEpisodeThumb</include>
					<control type="image">
						<left>398</left>
						<top>217</top>
						<width>60</width>
						<height>60</height>
						<texture>$VAR[OverlayVar]</texture>
						<aspectratio align="center" aligny="top">keep</aspectratio>
						<visible>!String.IsEmpty(Skin.String(509.Episodes.DisableOverlay)) + Container.Content(episodes)</visible>
					</control>
					<control type="image">
						<top>197</top>
						<width>480</width>
						<height>270</height>
						<texture border="1">black.png</texture>
						<colordiffuse>$VAR[MyFlixDimmerVar]</colordiffuse>
						<bordersize>20</bordersize>
					</control>
				</itemlayout>
				<focusedlayout height="270" width="480" condition="Container.Content(episodes)">
					<include>FlixEpisodeThumb</include>
					<control type="image">
						<left>398</left>
						<top>217</top>
						<width>60</width>
						<height>60</height>
						<texture>$VAR[OverlayVar]</texture>
						<aspectratio align="center" aligny="top">keep</aspectratio>
						<visible>!String.IsEmpty(Skin.String(509.Episodes.DisableOverlay)) + Container.Content(episodes)</visible>
					</control>
				</focusedlayout>
			</control>
					<control type="button" id="611">
						<description>Search</description>
						<top>990</top>
						<left>1670</left>
						<width>80</width>
						<height>75</height>
						<onup>509</onup>
						<ondown condition="Control.IsVisible(50960)">50960</ondown>
						<onright>610</onright>
						<onleft>509</onleft>
						<include>ButtonInfoDialogsCommonValues</include>
						<texturefocus></texturefocus>
						<texturenofocus>Search1.png</texturenofocus>
						<onclick>ActivateWindow(Videos,"plugin://plugin.program.autowidget/?mode=group&amp;group=search_movies-1617044159.175515&amp;refresh=&amp;reload=",return)</onclick>
						<visible>!String.IsEmpty(ListItem.Genre) + !Container.Content(movie)</visible>
					</control>
					<control type="textbox">
						<label>[B]Αναζήτηση [/B]</label>
						<top>1030</top>
						<left>1515</left>
						<font>TechF</font>
						<textcolor>goldenrod</textcolor>
						<shadowcolor>black</shadowcolor>
						<include>DefaultButtonsValues</include>
						<visible>Control.HasFocus(611)</visible>
					</control>
					<control type="image">
						<description>Clear Cache Icon</description>
						<top>980</top>
						<left>1648</left>
						<width>129</width>
						<height>90</height>
						<texture>a1.png</texture>
						<visible>Control.HasFocus(611)</visible>
					</control>
					<control type="image">
						<description>Search Icon</description>
						<top>986</top>
						<left>1670</left>
						<width>90</width>
						<height>85</height>
						<texture>Search1.png</texture>
						<animation effect="fade" end="100" time="0" condition="true">Conditional</animation>
						<visible>Control.HasFocus(611)</visible>
					</control>
					<control type="button" id="610">
						<description>Clear Cache</description>
						<top>990</top>
						<left>1798</left>
						<width>90</width>
						<height>65</height>
						<onup>509</onup>
						<ondown condition="Control.IsVisible(50960)">50960</ondown>
						<onright>509</onright>
						<onleft>611</onleft>
						<include>ButtonInfoDialogsCommonValues</include>
						<texturefocus></texturefocus>
						<texturenofocus>ClearCache.png</texturenofocus>
						<onclick>Dialog.Close(MovieInformation)</onclick>
						<onclick>RunPlugin("plugin://plugin.program.G.K.N.Wizard/?mode=clearcache")</onclick>
						<visible>!String.IsEmpty(ListItem.Genre)</visible>
					</control>
					<control type="textbox">
						<label>[B]Καθαρισμός Παρόχων[/B]</label>
						<top>1030</top>
						<left>1420</left>
						<font>TechF</font>
						<textcolor>goldenrod</textcolor>
						<shadowcolor>black</shadowcolor>
						<include>DefaultButtonsValues</include>
						<visible>Control.HasFocus(610)</visible>
					</control>
					<control type="image">
						<description>Clear Cache Icon</description>
						<top>980</top>
						<left>1783</left>
						<width>132</width>
						<height>90</height>
						<texture>a1.png</texture>
						<visible>Control.HasFocus(610)</visible>
					</control>
					<control type="image">
						<description>Clear Cache Icon</description>
						<top>988</top>
						<left>1798</left>
						<width>100</width>
						<height>75</height>
						<texture>ClearCache.png</texture>
						<animation effect="fade" end="100" time="0" condition="true">Conditional</animation>
						<visible>Control.HasFocus(610)</visible>
					</control>
			<control type="image">
				<description>Select Icon</description>
				<top>588</top>
				<left>14</left>
				<width>261</width>
				<height>402</height>
				<texture>a1.png</texture>
				<visible>Control.HasFocus(509)</visible>
			</control>
			<control type="group">
				<top>518</top>
				<visible>[[Container.Content(movies) + !Skin.HasSetting(Enable.MyFlix.MovieLandscape)] | Container.Content(sets)] + !Control.IsVisible(7000) + Skin.HasSetting(Enable.MyFlix.OpenCase)</visible>
				<control type="image">
					<include>FlixCaseVars</include>
					<texture background="true">$VAR[CaseBackPathVar]$VAR[GlobalCaseVar]</texture>
				</control>
				<control type="image">
					<include>FlixNoCaseVars</include>
					<texture background="true">$VAR[CaseBackPathVar]$VAR[GlobalCaseVar]</texture>
				</control>
				<control type="image">
					<include>FlixNoClearCaseVars</include>
					<texture background="true">$VAR[CaseBackPathVar]$VAR[GlobalCaseVar]</texture>
				</control>
			</control>
			<control type="group">
				<left>34</left>
				<top>669</top>
				<width>215</width>
				<height>215</height>
				<visible>[[[Container.Content(movies) + !Skin.HasSetting(Enable.MyFlix.MovieLandscape)] | Container.Content(sets)] + !Control.IsVisible(7000) + Skin.HasSetting(Enable.MyFlix.Cases) + Skin.HasSetting(Enable.MyFlix.OpenCase)]</visible>
				<include>MyFlixRollingMovieSetDiscs</include>
			</control>
			<control type="group">
				<left>38</left>
				<top>682</top>
				<width>211</width>
				<height>211</height>
				<visible>[[[Container.Content(movies) + !Skin.HasSetting(Enable.MyFlix.MovieLandscape)] | Container.Content(sets)] + !Control.IsVisible(7000) + !Skin.HasSetting(Enable.MyFlix.Cases) + Skin.HasSetting(Enable.MyFlix.OpenCase)]</visible>
				<animation effect="slide" end="-2,-11" condition="Skin.HasSetting(useclearcases)">Conditional</animation>
				<include>MyFlixRollingMovieSetDiscs</include>
			</control>
			<control type="group" id="7000">
				<visible>[[Container.Content(movies) + !Skin.HasSetting(Enable.MyFlix.MovieLandscape)] | Container.Content(sets)] + [Container.OnNext | Container.OnPrevious] + Skin.HasSetting(Enable.MyFlix.OpenCase)</visible>
				<animation effect="fade" time="1000" end="0" reversible="false">Hidden</animation>
				<control type="label">
					<include>HiddenObject</include>
				</control>
			</control>
			<control type="group">
				<top>518</top>
				<visible>[[[Container.Content(movies) + !Skin.HasSetting(Enable.MyFlix.MovieLandscape)] | Container.Content(sets)] + !Control.IsVisible(7000) + Skin.HasSetting(Enable.MyFlix.OpenCase)]</visible>
				<include>MyFlixModAnimation</include>
				<include>FlixPoster</include>
				<control type="image">
					<include>FlixCaseVars</include>
					<texture background="true">$VAR[CaseTypePathVar]$VAR[GlobalCaseVar]</texture>
				</control>
				<include>FlixPosterOverlay</include>
				<include>FlixPosterReflection</include>
				<include>FlixPosterCaseReflection</include>
			</control>
		</control>
	</include>
	<include name="FlixPoster">
		<control type="image">
			<left>10</left>
			<top>75</top>
			<width>268</width>
			<height>390</height>
			<texture background="true">$VAR[PosterThumbVar]</texture>
			<bordertexture border="20">thumbs/thumb_shadow_aa.png</bordertexture>
			<bordersize>20</bordersize>
		</control>
	</include>
	<include name="FlixPosterOverlay">
		<control type="image">
			<left>206</left>
			<top>95</top>
			<width>60</width>
			<height>60</height>
			<texture>$VAR[OverlayVar]</texture>
			<aspectratio align="center" aligny="top">keep</aspectratio>
			<visible>[!String.IsEmpty(Skin.String(509.Movies.DisableOverlay)) + Container.Content(movies)] | [!String.IsEmpty(Skin.String(509.Sets.DisableOverlay)) + Container.Content(sets)] | [!String.IsEmpty(Skin.String(509.TV.DisableOverlay)) + Container.Content(tvshows)]</visible>
		</control>
	</include>
	<include name="FlixLandscape">
		<control type="image">
			<left>-10</left>
			<top>197</top>
			<width>480</width>
			<height>270</height>
			<texture background="true" diffuse="thumbs/thumb_mask.png">$VAR[LandscapeItem0Var]</texture>
			<bordertexture border="20">thumbs/thumb_shadow_aa.png</bordertexture>
			<bordersize>20</bordersize>
		</control>
	</include>
	<include name="FlixLandscapeReflection">
		<control type="image">
			<left>10</left>
			<top>465</top>
			<width>440</width>
			<height>270</height>
			<texture background="true" flipy="true" diffuse="thumbs/thumb_diffuse.png">$VAR[LandscapeItem0Var]</texture>
		</control>
	</include>
	<include name="FlixEpisodeThumb">
		<control type="image">
			<top>197</top>
			<width>480</width>
			<height>270</height>
			<texture background="true" diffuse="thumbs/thumb_mask.png">$VAR[NoSpoilerIconVar]</texture>
			<bordertexture border="20">thumbs/thumb_shadow_aa.png</bordertexture>
			<bordersize>20</bordersize>
		</control>
	</include>
	<include name="FlixCaseVars">
		<left>-16</left>
		<top>60</top>
		<width>292</width>
		<height>408</height>
		<visible>Skin.HasSetting(Enable.MyFlix.Cases) + [Container.Content(movies) | Container.Content(sets) | Container.Content(tvshows) | Container.Content(seasons)]</visible>
	</include>
	<include name="FlixNoCaseVars">
		<left>-12</left>
		<top>89</top>
		<width>288</width>
		<height>376</height>
		<visible>!Skin.HasSetting(useclearcases) + !Skin.HasSetting(Enable.MyFlix.Cases) + Skin.HasSetting(Enable.MyFlix.OpenCase) + [Container.Content(movies) | Container.Content(sets)] + !ListItem.IsParentFolder</visible>
	</include>
	<include name="FlixNoClearCaseVars">
		<left>-10</left>
		<top>66</top>
		<width>280</width>
		<height>394</height>
		<visible>Skin.HasSetting(useclearcases) + !Skin.HasSetting(Enable.MyFlix.Cases) + Skin.HasSetting(Enable.MyFlix.OpenCase) + [Container.Content(movies) | Container.Content(sets)] + !ListItem.IsParentFolder</visible>
	</include>
	<include name="FlixPosterReflection">
		<control type="image">
			<left>29</left>
			<top>458</top>
			<width>228</width>
			<height>402</height>
			<texture background="true" flipy="true" diffuse="thumbs/thumb_reflect.png" colordiffuse="73FFFFFF">$VAR[PosterThumbVar]</texture>
		</control>
	</include>
	<include name="FlixPosterCaseReflection">
		<control type="image">
			<left>-18</left>
			<top>434</top>
			<width>295</width>
			<height>410</height>
			<texture background="true" flipy="true" diffuse="thumbs/thumb_diffuse.png" colordiffuse="73FFFFFF">$VAR[CaseTypePathVar]$VAR[GlobalCaseVar]</texture>
			<visible>Skin.HasSetting(Enable.MyFlix.Cases) + [Container.Content(movies) | Container.Content(sets) | Container.Content(tvshows) | Container.Content(seasons)]</visible>
		</control>
	</include>
	<include name="MyFlixRollingMovieSetDiscs">
		<control type="image">
			<texture background="true" fallback="BD.png">$INFO[ListItem(0).Art(discart)]</texture>
			<animation type="Conditional" condition="[!String.IsEmpty(Control.GetLabel(4447)) + Control.IsVisible(4447)]" reversible="false">
				<effect type="slide" start="1900,0" end="0,0" delay="0" time="3000" tween="cubic" easing="inout" />
				<effect type="rotate" start="0" center="auto" end="1080" delay="0" time="3000" tween="cubic" easing="inout" />
			</animation>
			<visible>!ListItem.IsCollection</visible>
		</control>
		<control type="group">
			<visible>Skin.HasSetting(Enable.MyFlix.OpenCase) + ListItem.IsCollection</visible>
			<control type="image">
				<aspectratio>keep</aspectratio>
				<texture background="true">$INFO[Container(4500).ListItemAbsolute(0).Art(discart)]</texture>
				<animation type="Conditional" condition="[!String.IsEmpty(Control.GetLabel(4448)) + Control.IsVisible(4448)]" reversible="false">
					<effect type="slide" start="1900,0" end="0,0" delay="0" time="3000" tween="cubic" easing="inout" />
					<effect type="rotate" start="0" center="auto" end="1080" delay="0" time="3000" tween="cubic" easing="inout" />
				</animation>
				<visible>!String.IsEmpty(Container(4500).ListItemAbsolute(0).Art(discart))</visible>
			</control>
			<control type="image">
				<aspectratio>keep</aspectratio>
				<texture background="true">$INFO[Container(4500).ListItemAbsolute(1).Art(discart)]</texture>
				<animation type="Conditional" condition="[!String.IsEmpty(Control.GetLabel(4448)) + Control.IsVisible(4448)]" reversible="false">
					<effect type="slide" start="1900,0" end="0,0" delay="500" time="3000" tween="cubic" easing="inout" />
					<effect type="rotate" start="0" center="auto" end="1080" delay="500" time="3000" tween="cubic" easing="inout" />
				</animation>
				<visible>!String.IsEmpty(Container(4500).ListItemAbsolute(1).Art(discart))</visible>
			</control>
			<control type="image">
				<aspectratio>keep</aspectratio>
				<texture background="true">$INFO[Container(4500).ListItemAbsolute(2).Art(discart)]</texture>
				<animation type="Conditional" condition="[!String.IsEmpty(Control.GetLabel(4448)) + Control.IsVisible(4448)]" reversible="false">
					<effect type="slide" start="1900,0" end="0,0" delay="1000" time="3000" tween="cubic" easing="inout" />
					<effect type="rotate" start="0" center="auto" end="1080" delay="1000" time="3000" tween="cubic" easing="inout" />
				</animation>
				<visible>!String.IsEmpty(Container(4500).ListItemAbsolute(2).Art(discart))</visible>
			</control>
			<control type="image">
				<aspectratio>keep</aspectratio>
				<texture background="true">$INFO[Container(4500).ListItemAbsolute(3).Art(discart)]</texture>
				<animation type="Conditional" condition="[!String.IsEmpty(Control.GetLabel(4448)) + Control.IsVisible(4448)]" reversible="false">
					<effect type="slide" start="1900,0" end="0,0" delay="1500" time="3000" tween="cubic" easing="inout" />
					<effect type="rotate" start="0" center="auto" end="1080" delay="1500" time="3000" tween="cubic" easing="inout" />
				</animation>
				<visible>!String.IsEmpty(Container(4500).ListItemAbsolute(3).Art(discart))</visible>
			</control>
			<control type="image">
				<aspectratio>keep</aspectratio>
				<texture background="true">$INFO[Container(4500).ListItemAbsolute(4).Art(discart)]</texture>
				<animation type="Conditional" condition="[!String.IsEmpty(Control.GetLabel(4448)) + Control.IsVisible(4448)]" reversible="false">
					<effect type="slide" start="1900,0" end="0,0" delay="2000" time="3000" tween="cubic" easing="inout" />
					<effect type="rotate" start="0" center="auto" end="1080" delay="2000" time="3000" tween="cubic" easing="inout" />
				</animation>
				<visible>!String.IsEmpty(Container(4500).ListItemAbsolute(4).Art(discart))</visible>
			</control>
			<control type="image">
				<aspectratio>keep</aspectratio>
				<texture background="true">$INFO[Container(4500).ListItemAbsolute(5).Art(discart)]</texture>
				<animation type="Conditional" condition="[!String.IsEmpty(Control.GetLabel(4448)) + Control.IsVisible(4448)]" reversible="false">
					<effect type="slide" start="1900,0" end="0,0" delay="2500" time="3000" tween="cubic" easing="inout" />
					<effect type="rotate" start="0" center="auto" end="1080" delay="2500" time="3000" tween="cubic" easing="inout" />
				</animation>
				<visible>!String.IsEmpty(Container(4500).ListItemAbsolute(5).Art(discart))</visible>
			</control>
			<control type="image">
				<aspectratio>keep</aspectratio>
				<texture background="true">$INFO[Container(4500).ListItemAbsolute(6).Art(discart)]</texture>
				<animation type="Conditional" condition="[!String.IsEmpty(Control.GetLabel(4448)) + Control.IsVisible(4448)]" reversible="false">
					<effect type="slide" start="1900,0" end="0,0" delay="3000" time="3000" tween="cubic" easing="inout" />
					<effect type="rotate" start="0" center="auto" end="1080" delay="3000" time="3000" tween="cubic" easing="inout" />
				</animation>
				<visible>!String.IsEmpty(Container(4500).ListItemAbsolute(6).Art(discart))</visible>
			</control>
			<control type="image">
				<aspectratio>keep</aspectratio>
				<texture background="true">$INFO[Container(4500).ListItemAbsolute(7).Art(discart)]</texture>
				<animation type="Conditional" condition="[!String.IsEmpty(Control.GetLabel(4448)) + Control.IsVisible(4448)]" reversible="false">
					<effect type="slide" start="1900,0" end="0,0" delay="3500" time="3000" tween="cubic" easing="inout" />
					<effect type="rotate" start="0" center="auto" end="1080" delay="3500" time="3000" tween="cubic" easing="inout" />
				</animation>
				<visible>!String.IsEmpty(Container(4500).ListItemAbsolute(7).Art(discart))</visible>
			</control>
		</control>
	</include>
</includes>