<?xml version="1.0" encoding="UTF-8" standalone="yes"?>
<addon id="repository.rays.files" name="Rays Repository" version="2026.01.11" provider-name="RayW">
	<extension point="xbmc.addon.repository" name="The Wizard">
		<dir>
			<info compressed="false">http://ynsfashion.co.uk/k_dev/repo/addons.xml</info>
			<checksum>http://ynsfashion.co.uk/k_dev/repo/addons.xml.md5</checksum>
			<datadir zip="true">http://ynsfashion.co.uk/k_dev/repo/zips</datadir>
		</dir>
	</extension>
	<extension point="xbmc.addon.metadata">
		<summary>The Wizard Repo</summary>
		<description></description>
		<platform>all</platform>
	</extension>
</addon>

