<?xml version="1.0" encoding="UTF-8"?>
    <addon id="repository.twilight0" name="Twilight0 Repository" version="2.0.0" provider-name="Twilight0">
    <requires>
        <import addon="xbmc.addon" version="20.0.0"/>
    </requires>
    <extension point="xbmc.addon.repository" name="Twilight0 Repository">
        <dir>
			<info compressed="true">https://raw.githubusercontent.com/Twilight0/repository.twilight0/master/repo_dir/addons.xml.gz</info>
			<checksum>https://raw.githubusercontent.com/Twilight0/repository.twilight0/master/repo_dir/addons.xml.gz.md5</checksum>
			<datadir zip="true">https://raw.githubusercontent.com/Twilight0/repository.twilight0/master/repo_dir/</datadir>
        </dir>
        <dir>
			<info compressed="true">https://raw.githubusercontent.com/Twilight0/repository.twilight0.libs/master/repo_dir/addons.xml.gz</info>
			<checksum>https://raw.githubusercontent.com/Twilight0/repository.twilight0.libs/master/repo_dir/addons.xml.gz.md5</checksum>
			<datadir zip="true">https://raw.githubusercontent.com/Twilight0/repository.twilight0.libs/master/repo_dir/</datadir>
        </dir>
        <dir>
            <info compressed="false">https://raw.githubusercontent.com/Gujal00/smrzips/master/addons.xml</info>
            <checksum>https://raw.githubusercontent.com/Gujal00/smrzips/master/addons.xml.md5</checksum>
            <datadir zip="true">https://raw.githubusercontent.com/Gujal00/smrzips/master/zips/</datadir>
        </dir>
    </extension>
    <extension point="xbmc.addon.metadata">
        <summary>Twilight0 Repository</summary>
        <description>Twilight0 Repository</description>
        <platform>all</platform>
        <news>2.0
- Update repository format for Kodi v20+ (Nexus/Omega) compatibility
- Add minimum version requirement (Kodi v20)
        </news>
        <assets>
            <icon>icon.png</icon>
            <fanart>fanart.jpg</fanart>
        </assets>
    </extension>
</addon>
